"Program","Year","Period","Week Ending","Geo Level","State","State ANSI","Ag District","Ag District Code","County","County ANSI","Zip Code","Region","watershed_code","Watershed","Commodity","Data Item","Domain","Domain Category","Value","CV (%)"
"SURVEY","2025","AUG","","STATE","ARIZONA","04","","","","","","","00000000","","HAY","HAY - PRICE RECEIVED, MEASURED IN $ / TON","TOTAL","NOT SPECIFIED","170",""
"SURVEY","2025","AUG","","STATE","CALIFORNIA","06","","","","","","","00000000","","HAY","HAY - PRICE RECEIVED, MEASURED IN $ / TON","TOTAL","NOT SPECIFIED","218",""
"SURVEY","2025","AUG","","STATE","COLORADO","08","","","","","","","00000000","","HAY","HAY - PRICE RECEIVED, MEASURED IN $ / TON","TOTAL","NOT SPECIFIED","154",""
"SURVEY","2025","AUG","","STATE","IDAHO","16","","","","","","","00000000","","HAY","HAY - PRICE RECEIVED, MEASURED IN $ / TON","TOTAL","NOT SPECIFIED","157",""
"SURVEY","2025","AUG","","STATE","ILLINOIS","17","","","","","","","00000000","","HAY","HAY - PRICE RECEIVED, MEASURED IN $ / TON","TOTAL","NOT SPECIFIED","142",""
"SURVEY","2025","AUG","","STATE","IOWA","19","","","","","","","00000000","","HAY","HAY - PRICE RECEIVED, MEASURED IN $ / TON","TOTAL","NOT SPECIFIED","100",""
"SURVEY","2025","AUG","","STATE","KANSAS","20","","","","","","","00000000","","HAY","HAY - PRICE RECEIVED, MEASURED IN $ / TON","TOTAL","NOT SPECIFIED","118",""
"SURVEY","2025","AUG","","STATE","KENTUCKY","21","","","","","","","00000000","","HAY","HAY - PRICE RECEIVED, MEASURED IN $ / TON","TOTAL","NOT SPECIFIED","199",""
"SURVEY","2025","AUG","","STATE","MICHIGAN","26","","","","","","","00000000","","HAY","HAY - PRICE RECEIVED, MEASURED IN $ / TON","TOTAL","NOT SPECIFIED","151",""
"SURVEY","2025","AUG","","STATE","MINNESOTA","27","","","","","","","00000000","","HAY","HAY - PRICE RECEIVED, MEASURED IN $ / TON","TOTAL","NOT SPECIFIED","89",""
"SURVEY","2025","AUG","","STATE","MISSOURI","29","","","","","","","00000000","","HAY","HAY - PRICE RECEIVED, MEASURED IN $ / TON","TOTAL","NOT SPECIFIED","118",""
"SURVEY","2025","AUG","","STATE","MONTANA","30","","","","","","","00000000","","HAY","HAY - PRICE RECEIVED, MEASURED IN $ / TON","TOTAL","NOT SPECIFIED","147",""
"SURVEY","2025","AUG","","STATE","NEBRASKA","31","","","","","","","00000000","","HAY","HAY - PRICE RECEIVED, MEASURED IN $ / TON","TOTAL","NOT SPECIFIED","97",""
"SURVEY","2025","AUG","","STATE","NEVADA","32","","","","","","","00000000","","HAY","HAY - PRICE RECEIVED, MEASURED IN $ / TON","TOTAL","NOT SPECIFIED","165",""
"SURVEY","2025","AUG","","STATE","NEW MEXICO","35","","","","","","","00000000","","HAY","HAY - PRICE RECEIVED, MEASURED IN $ / TON","TOTAL","NOT SPECIFIED","236",""
"SURVEY","2025","AUG","","STATE","NEW YORK","36","","","","","","","00000000","","HAY","HAY - PRICE RECEIVED, MEASURED IN $ / TON","TOTAL","NOT SPECIFIED","187",""
"SURVEY","2025","AUG","","STATE","NORTH DAKOTA","38","","","","","","","00000000","","HAY","HAY - PRICE RECEIVED, MEASURED IN $ / TON","TOTAL","NOT SPECIFIED","86",""
"SURVEY","2025","AUG","","STATE","OHIO","39","","","","","","","00000000","","HAY","HAY - PRICE RECEIVED, MEASURED IN $ / TON","TOTAL","NOT SPECIFIED","175",""
"SURVEY","2025","AUG","","STATE","OKLAHOMA","40","","","","","","","00000000","","HAY","HAY - PRICE RECEIVED, MEASURED IN $ / TON","TOTAL","NOT SPECIFIED","95",""
"SURVEY","2025","AUG","","STATE","OREGON","41","","","","","","","00000000","","HAY","HAY - PRICE RECEIVED, MEASURED IN $ / TON","TOTAL","NOT SPECIFIED","196",""
"SURVEY","2025","AUG","","STATE","PENNSYLVANIA","42","","","","","","","00000000","","HAY","HAY - PRICE RECEIVED, MEASURED IN $ / TON","TOTAL","NOT SPECIFIED","192",""
"SURVEY","2025","AUG","","STATE","SOUTH DAKOTA","46","","","","","","","00000000","","HAY","HAY - PRICE RECEIVED, MEASURED IN $ / TON","TOTAL","NOT SPECIFIED","92",""
"SURVEY","2025","AUG","","STATE","TEXAS","48","","","","","","","00000000","","HAY","HAY - PRICE RECEIVED, MEASURED IN $ / TON","TOTAL","NOT SPECIFIED","162",""
"SURVEY","2025","AUG","","STATE","UTAH","49","","","","","","","00000000","","HAY","HAY - PRICE RECEIVED, MEASURED IN $ / TON","TOTAL","NOT SPECIFIED","180",""
"SURVEY","2025","AUG","","STATE","WASHINGTON","53","","","","","","","00000000","","HAY","HAY - PRICE RECEIVED, MEASURED IN $ / TON","TOTAL","NOT SPECIFIED","179",""
"SURVEY","2025","AUG","","STATE","WISCONSIN","55","","","","","","","00000000","","HAY","HAY - PRICE RECEIVED, MEASURED IN $ / TON","TOTAL","NOT SPECIFIED","108",""
"SURVEY","2025","AUG","","STATE","WYOMING","56","","","","","","","00000000","","HAY","HAY - PRICE RECEIVED, MEASURED IN $ / TON","TOTAL","NOT SPECIFIED","154",""
"SURVEY","2025","JUL","","STATE","ARIZONA","04","","","","","","","00000000","","HAY","HAY - PRICE RECEIVED, MEASURED IN $ / TON","TOTAL","NOT SPECIFIED","180",""
"SURVEY","2025","JUL","","STATE","CALIFORNIA","06","","","","","","","00000000","","HAY","HAY - PRICE RECEIVED, MEASURED IN $ / TON","TOTAL","NOT SPECIFIED","225",""
"SURVEY","2025","JUL","","STATE","COLORADO","08","","","","","","","00000000","","HAY","HAY - PRICE RECEIVED, MEASURED IN $ / TON","TOTAL","NOT SPECIFIED","159",""
"SURVEY","2025","JUL","","STATE","IDAHO","16","","","","","","","00000000","","HAY","HAY - PRICE RECEIVED, MEASURED IN $ / TON","TOTAL","NOT SPECIFIED","156",""
"SURVEY","2025","JUL","","STATE","ILLINOIS","17","","","","","","","00000000","","HAY","HAY - PRICE RECEIVED, MEASURED IN $ / TON","TOTAL","NOT SPECIFIED","140",""
"SURVEY","2025","JUL","","STATE","IOWA","19","","","","","","","00000000","","HAY","HAY - PRICE RECEIVED, MEASURED IN $ / TON","TOTAL","NOT SPECIFIED","91",""
"SURVEY","2025","JUL","","STATE","KANSAS","20","","","","","","","00000000","","HAY","HAY - PRICE RECEIVED, MEASURED IN $ / TON","TOTAL","NOT SPECIFIED","118",""
"SURVEY","2025","JUL","","STATE","KENTUCKY","21","","","","","","","00000000","","HAY","HAY - PRICE RECEIVED, MEASURED IN $ / TON","TOTAL","NOT SPECIFIED","195",""
"SURVEY","2025","JUL","","STATE","MICHIGAN","26","","","","","","","00000000","","HAY","HAY - PRICE RECEIVED, MEASURED IN $ / TON","TOTAL","NOT SPECIFIED","147",""
"SURVEY","2025","JUL","","STATE","MINNESOTA","27","","","","","","","00000000","","HAY","HAY - PRICE RECEIVED, MEASURED IN $ / TON","TOTAL","NOT SPECIFIED","86",""
"SURVEY","2025","JUL","","STATE","MISSOURI","29","","","","","","","00000000","","HAY","HAY - PRICE RECEIVED, MEASURED IN $ / TON","TOTAL","NOT SPECIFIED","123",""
"SURVEY","2025","JUL","","STATE","MONTANA","30","","","","","","","00000000","","HAY","HAY - PRICE RECEIVED, MEASURED IN $ / TON","TOTAL","NOT SPECIFIED","144",""
"SURVEY","2025","JUL","","STATE","NEBRASKA","31","","","","","","","00000000","","HAY","HAY - PRICE RECEIVED, MEASURED IN $ / TON","TOTAL","NOT SPECIFIED","96",""
"SURVEY","2025","JUL","","STATE","NEVADA","32","","","","","","","00000000","","HAY","HAY - PRICE RECEIVED, MEASURED IN $ / TON","TOTAL","NOT SPECIFIED","161",""
"SURVEY","2025","JUL","","STATE","NEW MEXICO","35","","","","","","","00000000","","HAY","HAY - PRICE RECEIVED, MEASURED IN $ / TON","TOTAL","NOT SPECIFIED","235",""
"SURVEY","2025","JUL","","STATE","NEW YORK","36","","","","","","","00000000","","HAY","HAY - PRICE RECEIVED, MEASURED IN $ / TON","TOTAL","NOT SPECIFIED","196",""
"SURVEY","2025","JUL","","STATE","NORTH DAKOTA","38","","","","","","","00000000","","HAY","HAY - PRICE RECEIVED, MEASURED IN $ / TON","TOTAL","NOT SPECIFIED","88",""
"SURVEY","2025","JUL","","STATE","OHIO","39","","","","","","","00000000","","HAY","HAY - PRICE RECEIVED, MEASURED IN $ / TON","TOTAL","NOT SPECIFIED","180",""
"SURVEY","2025","JUL","","STATE","OKLAHOMA","40","","","","","","","00000000","","HAY","HAY - PRICE RECEIVED, MEASURED IN $ / TON","TOTAL","NOT SPECIFIED","93",""
"SURVEY","2025","JUL","","STATE","OREGON","41","","","","","","","00000000","","HAY","HAY - PRICE RECEIVED, MEASURED IN $ / TON","TOTAL","NOT SPECIFIED","195",""
"SURVEY","2025","JUL","","STATE","PENNSYLVANIA","42","","","","","","","00000000","","HAY","HAY - PRICE RECEIVED, MEASURED IN $ / TON","TOTAL","NOT SPECIFIED","199",""
"SURVEY","2025","JUL","","STATE","SOUTH DAKOTA","46","","","","","","","00000000","","HAY","HAY - PRICE RECEIVED, MEASURED IN $ / TON","TOTAL","NOT SPECIFIED","92",""
"SURVEY","2025","JUL","","STATE","TEXAS","48","","","","","","","00000000","","HAY","HAY - PRICE RECEIVED, MEASURED IN $ / TON","TOTAL","NOT SPECIFIED","184",""
"SURVEY","2025","JUL","","STATE","UTAH","49","","","","","","","00000000","","HAY","HAY - PRICE RECEIVED, MEASURED IN $ / TON","TOTAL","NOT SPECIFIED","169",""
"SURVEY","2025","JUL","","STATE","WASHINGTON","53","","","","","","","00000000","","HAY","HAY - PRICE RECEIVED, MEASURED IN $ / TON","TOTAL","NOT SPECIFIED","182",""
"SURVEY","2025","JUL","","STATE","WISCONSIN","55","","","","","","","00000000","","HAY","HAY - PRICE RECEIVED, MEASURED IN $ / TON","TOTAL","NOT SPECIFIED","116",""
"SURVEY","2025","JUL","","STATE","WYOMING","56","","","","","","","00000000","","HAY","HAY - PRICE RECEIVED, MEASURED IN $ / TON","TOTAL","NOT SPECIFIED","161",""
"SURVEY","2025","JUN","","STATE","ARIZONA","04","","","","","","","00000000","","HAY","HAY - PRICE RECEIVED, MEASURED IN $ / TON","TOTAL","NOT SPECIFIED","190",""
"SURVEY","2025","JUN","","STATE","CALIFORNIA","06","","","","","","","00000000","","HAY","HAY - PRICE RECEIVED, MEASURED IN $ / TON","TOTAL","NOT SPECIFIED","228",""
"SURVEY","2025","JUN","","STATE","COLORADO","08","","","","","","","00000000","","HAY","HAY - PRICE RECEIVED, MEASURED IN $ / TON","TOTAL","NOT SPECIFIED","149",""
"SURVEY","2025","JUN","","STATE","IDAHO","16","","","","","","","00000000","","HAY","HAY - PRICE RECEIVED, MEASURED IN $ / TON","TOTAL","NOT SPECIFIED","160",""
"SURVEY","2025","JUN","","STATE","ILLINOIS","17","","","","","","","00000000","","HAY","HAY - PRICE RECEIVED, MEASURED IN $ / TON","TOTAL","NOT SPECIFIED","140",""
"SURVEY","2025","JUN","","STATE","IOWA","19","","","","","","","00000000","","HAY","HAY - PRICE RECEIVED, MEASURED IN $ / TON","TOTAL","NOT SPECIFIED","99",""
"SURVEY","2025","JUN","","STATE","KANSAS","20","","","","","","","00000000","","HAY","HAY - PRICE RECEIVED, MEASURED IN $ / TON","TOTAL","NOT SPECIFIED","116",""
"SURVEY","2025","JUN","","STATE","KENTUCKY","21","","","","","","","00000000","","HAY","HAY - PRICE RECEIVED, MEASURED IN $ / TON","TOTAL","NOT SPECIFIED","184",""
"SURVEY","2025","JUN","","STATE","MICHIGAN","26","","","","","","","00000000","","HAY","HAY - PRICE RECEIVED, MEASURED IN $ / TON","TOTAL","NOT SPECIFIED","149",""
"SURVEY","2025","JUN","","STATE","MINNESOTA","27","","","","","","","00000000","","HAY","HAY - PRICE RECEIVED, MEASURED IN $ / TON","TOTAL","NOT SPECIFIED","92",""
"SURVEY","2025","JUN","","STATE","MISSOURI","29","","","","","","","00000000","","HAY","HAY - PRICE RECEIVED, MEASURED IN $ / TON","TOTAL","NOT SPECIFIED","124",""
"SURVEY","2025","JUN","","STATE","MONTANA","30","","","","","","","00000000","","HAY","HAY - PRICE RECEIVED, MEASURED IN $ / TON","TOTAL","NOT SPECIFIED","143",""
"SURVEY","2025","JUN","","STATE","NEBRASKA","31","","","","","","","00000000","","HAY","HAY - PRICE RECEIVED, MEASURED IN $ / TON","TOTAL","NOT SPECIFIED","98",""
"SURVEY","2025","JUN","","STATE","NEVADA","32","","","","","","","00000000","","HAY","HAY - PRICE RECEIVED, MEASURED IN $ / TON","TOTAL","NOT SPECIFIED","170",""
"SURVEY","2025","JUN","","STATE","NEW MEXICO","35","","","","","","","00000000","","HAY","HAY - PRICE RECEIVED, MEASURED IN $ / TON","TOTAL","NOT SPECIFIED","229",""
"SURVEY","2025","JUN","","STATE","NEW YORK","36","","","","","","","00000000","","HAY","HAY - PRICE RECEIVED, MEASURED IN $ / TON","TOTAL","NOT SPECIFIED","208",""
"SURVEY","2025","JUN","","STATE","NORTH DAKOTA","38","","","","","","","00000000","","HAY","HAY - PRICE RECEIVED, MEASURED IN $ / TON","TOTAL","NOT SPECIFIED","90",""
"SURVEY","2025","JUN","","STATE","OHIO","39","","","","","","","00000000","","HAY","HAY - PRICE RECEIVED, MEASURED IN $ / TON","TOTAL","NOT SPECIFIED","190",""
"SURVEY","2025","JUN","","STATE","OKLAHOMA","40","","","","","","","00000000","","HAY","HAY - PRICE RECEIVED, MEASURED IN $ / TON","TOTAL","NOT SPECIFIED","104",""
"SURVEY","2025","JUN","","STATE","OREGON","41","","","","","","","00000000","","HAY","HAY - PRICE RECEIVED, MEASURED IN $ / TON","TOTAL","NOT SPECIFIED","195",""
"SURVEY","2025","JUN","","STATE","PENNSYLVANIA","42","","","","","","","00000000","","HAY","HAY - PRICE RECEIVED, MEASURED IN $ / TON","TOTAL","NOT SPECIFIED","203",""
"SURVEY","2025","JUN","","STATE","SOUTH DAKOTA","46","","","","","","","00000000","","HAY","HAY - PRICE RECEIVED, MEASURED IN $ / TON","TOTAL","NOT SPECIFIED","93",""
"SURVEY","2025","JUN","","STATE","TEXAS","48","","","","","","","00000000","","HAY","HAY - PRICE RECEIVED, MEASURED IN $ / TON","TOTAL","NOT SPECIFIED","172",""
"SURVEY","2025","JUN","","STATE","UTAH","49","","","","","","","00000000","","HAY","HAY - PRICE RECEIVED, MEASURED IN $ / TON","TOTAL","NOT SPECIFIED","159",""
"SURVEY","2025","JUN","","STATE","WASHINGTON","53","","","","","","","00000000","","HAY","HAY - PRICE RECEIVED, MEASURED IN $ / TON","TOTAL","NOT SPECIFIED","178",""
"SURVEY","2025","JUN","","STATE","WISCONSIN","55","","","","","","","00000000","","HAY","HAY - PRICE RECEIVED, MEASURED IN $ / TON","TOTAL","NOT SPECIFIED","122",""
"SURVEY","2025","JUN","","STATE","WYOMING","56","","","","","","","00000000","","HAY","HAY - PRICE RECEIVED, MEASURED IN $ / TON","TOTAL","NOT SPECIFIED","164",""
"SURVEY","2025","OCT","","STATE","ARIZONA","04","","","","","","","00000000","","HAY","HAY - PRICE RECEIVED, MEASURED IN $ / TON","TOTAL","NOT SPECIFIED","189",""
"SURVEY","2025","OCT","","STATE","CALIFORNIA","06","","","","","","","00000000","","HAY","HAY - PRICE RECEIVED, MEASURED IN $ / TON","TOTAL","NOT SPECIFIED","224",""
"SURVEY","2025","OCT","","STATE","COLORADO","08","","","","","","","00000000","","HAY","HAY - PRICE RECEIVED, MEASURED IN $ / TON","TOTAL","NOT SPECIFIED","184",""
"SURVEY","2025","OCT","","STATE","IDAHO","16","","","","","","","00000000","","HAY","HAY - PRICE RECEIVED, MEASURED IN $ / TON","TOTAL","NOT SPECIFIED","153",""
"SURVEY","2025","OCT","","STATE","ILLINOIS","17","","","","","","","00000000","","HAY","HAY - PRICE RECEIVED, MEASURED IN $ / TON","TOTAL","NOT SPECIFIED","138",""
"SURVEY","2025","OCT","","STATE","IOWA","19","","","","","","","00000000","","HAY","HAY - PRICE RECEIVED, MEASURED IN $ / TON","TOTAL","NOT SPECIFIED","105",""
"SURVEY","2025","OCT","","STATE","KANSAS","20","","","","","","","00000000","","HAY","HAY - PRICE RECEIVED, MEASURED IN $ / TON","TOTAL","NOT SPECIFIED","116",""
"SURVEY","2025","OCT","","STATE","KENTUCKY","21","","","","","","","00000000","","HAY","HAY - PRICE RECEIVED, MEASURED IN $ / TON","TOTAL","NOT SPECIFIED","203",""
"SURVEY","2025","OCT","","STATE","MICHIGAN","26","","","","","","","00000000","","HAY","HAY - PRICE RECEIVED, MEASURED IN $ / TON","TOTAL","NOT SPECIFIED","146",""
"SURVEY","2025","OCT","","STATE","MINNESOTA","27","","","","","","","00000000","","HAY","HAY - PRICE RECEIVED, MEASURED IN $ / TON","TOTAL","NOT SPECIFIED","88",""
"SURVEY","2025","OCT","","STATE","MISSOURI","29","","","","","","","00000000","","HAY","HAY - PRICE RECEIVED, MEASURED IN $ / TON","TOTAL","NOT SPECIFIED","124",""
"SURVEY","2025","OCT","","STATE","MONTANA","30","","","","","","","00000000","","HAY","HAY - PRICE RECEIVED, MEASURED IN $ / TON","TOTAL","NOT SPECIFIED","137",""
"SURVEY","2025","OCT","","STATE","NEBRASKA","31","","","","","","","00000000","","HAY","HAY - PRICE RECEIVED, MEASURED IN $ / TON","TOTAL","NOT SPECIFIED","98",""
"SURVEY","2025","OCT","","STATE","NEVADA","32","","","","","","","00000000","","HAY","HAY - PRICE RECEIVED, MEASURED IN $ / TON","TOTAL","NOT SPECIFIED","161",""
"SURVEY","2025","OCT","","STATE","NEW MEXICO","35","","","","","","","00000000","","HAY","HAY - PRICE RECEIVED, MEASURED IN $ / TON","TOTAL","NOT SPECIFIED","251",""
"SURVEY","2025","OCT","","STATE","NEW YORK","36","","","","","","","00000000","","HAY","HAY - PRICE RECEIVED, MEASURED IN $ / TON","TOTAL","NOT SPECIFIED","201",""
"SURVEY","2025","OCT","","STATE","NORTH DAKOTA","38","","","","","","","00000000","","HAY","HAY - PRICE RECEIVED, MEASURED IN $ / TON","TOTAL","NOT SPECIFIED","83",""
"SURVEY","2025","OCT","","STATE","OHIO","39","","","","","","","00000000","","HAY","HAY - PRICE RECEIVED, MEASURED IN $ / TON","TOTAL","NOT SPECIFIED","180",""
"SURVEY","2025","OCT","","STATE","OKLAHOMA","40","","","","","","","00000000","","HAY","HAY - PRICE RECEIVED, MEASURED IN $ / TON","TOTAL","NOT SPECIFIED","99",""
"SURVEY","2025","OCT","","STATE","OREGON","41","","","","","","","00000000","","HAY","HAY - PRICE RECEIVED, MEASURED IN $ / TON","TOTAL","NOT SPECIFIED","191",""
"SURVEY","2025","OCT","","STATE","PENNSYLVANIA","42","","","","","","","00000000","","HAY","HAY - PRICE RECEIVED, MEASURED IN $ / TON","TOTAL","NOT SPECIFIED","214",""
"SURVEY","2025","OCT","","STATE","SOUTH DAKOTA","46","","","","","","","00000000","","HAY","HAY - PRICE RECEIVED, MEASURED IN $ / TON","TOTAL","NOT SPECIFIED","94",""
"SURVEY","2025","OCT","","STATE","TEXAS","48","","","","","","","00000000","","HAY","HAY - PRICE RECEIVED, MEASURED IN $ / TON","TOTAL","NOT SPECIFIED","152",""
"SURVEY","2025","OCT","","STATE","UTAH","49","","","","","","","00000000","","HAY","HAY - PRICE RECEIVED, MEASURED IN $ / TON","TOTAL","NOT SPECIFIED","170",""
"SURVEY","2025","OCT","","STATE","WASHINGTON","53","","","","","","","00000000","","HAY","HAY - PRICE RECEIVED, MEASURED IN $ / TON","TOTAL","NOT SPECIFIED","175",""
"SURVEY","2025","OCT","","STATE","WISCONSIN","55","","","","","","","00000000","","HAY","HAY - PRICE RECEIVED, MEASURED IN $ / TON","TOTAL","NOT SPECIFIED","119",""
"SURVEY","2025","OCT","","STATE","WYOMING","56","","","","","","","00000000","","HAY","HAY - PRICE RECEIVED, MEASURED IN $ / TON","TOTAL","NOT SPECIFIED","150",""
"SURVEY","2025","SEP","","STATE","ARIZONA","04","","","","","","","00000000","","HAY","HAY - PRICE RECEIVED, MEASURED IN $ / TON","TOTAL","NOT SPECIFIED","180",""
"SURVEY","2025","SEP","","STATE","CALIFORNIA","06","","","","","","","00000000","","HAY","HAY - PRICE RECEIVED, MEASURED IN $ / TON","TOTAL","NOT SPECIFIED","221",""
"SURVEY","2025","SEP","","STATE","COLORADO","08","","","","","","","00000000","","HAY","HAY - PRICE RECEIVED, MEASURED IN $ / TON","TOTAL","NOT SPECIFIED","168",""
"SURVEY","2025","SEP","","STATE","IDAHO","16","","","","","","","00000000","","HAY","HAY - PRICE RECEIVED, MEASURED IN $ / TON","TOTAL","NOT SPECIFIED","158",""
"SURVEY","2025","SEP","","STATE","ILLINOIS","17","","","","","","","00000000","","HAY","HAY - PRICE RECEIVED, MEASURED IN $ / TON","TOTAL","NOT SPECIFIED","145",""
"SURVEY","2025","SEP","","STATE","IOWA","19","","","","","","","00000000","","HAY","HAY - PRICE RECEIVED, MEASURED IN $ / TON","TOTAL","NOT SPECIFIED","102",""
"SURVEY","2025","SEP","","STATE","KANSAS","20","","","","","","","00000000","","HAY","HAY - PRICE RECEIVED, MEASURED IN $ / TON","TOTAL","NOT SPECIFIED","115",""
"SURVEY","2025","SEP","","STATE","KENTUCKY","21","","","","","","","00000000","","HAY","HAY - PRICE RECEIVED, MEASURED IN $ / TON","TOTAL","NOT SPECIFIED","208",""
"SURVEY","2025","SEP","","STATE","MICHIGAN","26","","","","","","","00000000","","HAY","HAY - PRICE RECEIVED, MEASURED IN $ / TON","TOTAL","NOT SPECIFIED","150",""
"SURVEY","2025","SEP","","STATE","MINNESOTA","27","","","","","","","00000000","","HAY","HAY - PRICE RECEIVED, MEASURED IN $ / TON","TOTAL","NOT SPECIFIED","94",""
"SURVEY","2025","SEP","","STATE","MISSOURI","29","","","","","","","00000000","","HAY","HAY - PRICE RECEIVED, MEASURED IN $ / TON","TOTAL","NOT SPECIFIED","122",""
"SURVEY","2025","SEP","","STATE","MONTANA","30","","","","","","","00000000","","HAY","HAY - PRICE RECEIVED, MEASURED IN $ / TON","TOTAL","NOT SPECIFIED","142",""
"SURVEY","2025","SEP","","STATE","NEBRASKA","31","","","","","","","00000000","","HAY","HAY - PRICE RECEIVED, MEASURED IN $ / TON","TOTAL","NOT SPECIFIED","97",""
"SURVEY","2025","SEP","","STATE","NEVADA","32","","","","","","","00000000","","HAY","HAY - PRICE RECEIVED, MEASURED IN $ / TON","TOTAL","NOT SPECIFIED","161",""
"SURVEY","2025","SEP","","STATE","NEW MEXICO","35","","","","","","","00000000","","HAY","HAY - PRICE RECEIVED, MEASURED IN $ / TON","TOTAL","NOT SPECIFIED","242",""
"SURVEY","2025","SEP","","STATE","NEW YORK","36","","","","","","","00000000","","HAY","HAY - PRICE RECEIVED, MEASURED IN $ / TON","TOTAL","NOT SPECIFIED","189",""
"SURVEY","2025","SEP","","STATE","NORTH DAKOTA","38","","","","","","","00000000","","HAY","HAY - PRICE RECEIVED, MEASURED IN $ / TON","TOTAL","NOT SPECIFIED","86",""
"SURVEY","2025","SEP","","STATE","OHIO","39","","","","","","","00000000","","HAY","HAY - PRICE RECEIVED, MEASURED IN $ / TON","TOTAL","NOT SPECIFIED","176",""
"SURVEY","2025","SEP","","STATE","OKLAHOMA","40","","","","","","","00000000","","HAY","HAY - PRICE RECEIVED, MEASURED IN $ / TON","TOTAL","NOT SPECIFIED","100",""
"SURVEY","2025","SEP","","STATE","OREGON","41","","","","","","","00000000","","HAY","HAY - PRICE RECEIVED, MEASURED IN $ / TON","TOTAL","NOT SPECIFIED","195",""
"SURVEY","2025","SEP","","STATE","PENNSYLVANIA","42","","","","","","","00000000","","HAY","HAY - PRICE RECEIVED, MEASURED IN $ / TON","TOTAL","NOT SPECIFIED","203",""
"SURVEY","2025","SEP","","STATE","SOUTH DAKOTA","46","","","","","","","00000000","","HAY","HAY - PRICE RECEIVED, MEASURED IN $ / TON","TOTAL","NOT SPECIFIED","93",""
"SURVEY","2025","SEP","","STATE","TEXAS","48","","","","","","","00000000","","HAY","HAY - PRICE RECEIVED, MEASURED IN $ / TON","TOTAL","NOT SPECIFIED","153",""
"SURVEY","2025","SEP","","STATE","UTAH","49","","","","","","","00000000","","HAY","HAY - PRICE RECEIVED, MEASURED IN $ / TON","TOTAL","NOT SPECIFIED","175",""
"SURVEY","2025","SEP","","STATE","WASHINGTON","53","","","","","","","00000000","","HAY","HAY - PRICE RECEIVED, MEASURED IN $ / TON","TOTAL","NOT SPECIFIED","174",""
"SURVEY","2025","SEP","","STATE","WISCONSIN","55","","","","","","","00000000","","HAY","HAY - PRICE RECEIVED, MEASURED IN $ / TON","TOTAL","NOT SPECIFIED","109",""
"SURVEY","2025","SEP","","STATE","WYOMING","56","","","","","","","00000000","","HAY","HAY - PRICE RECEIVED, MEASURED IN $ / TON","TOTAL","NOT SPECIFIED","152",""
